"Cluster","Cluster Enrichment Score","Category","Term","Count","List Total","Pop Hits","Pop Total","%","P-Value","Benjamini","Fold Enrichment","Bonferroni","FDR","Fisher Exact","User Ids","Full Term"
"1","3.74","KEGG_PATHWAY","Hepatitis C","5","9","156","9375","55.56","4.90e-6","4.02e-5","33.39","9.02e-4","2.14e-5","1.43e-7","CASP3,AKT1,TNF,TP53,MAPK3","hsa05160:Hepatitis C"
"1","3.74","KEGG_PATHWAY","Herpes simplex virus 1 infection","5","9","180","9375","55.56","8.66e-6","6.04e-5","28.94","1.59e-3","3.21e-5","2.92e-7","IL6,CASP3,AKT1,TNF,TP53","hsa05168:Herpes simplex virus 1 infection"
"1","3.74","KEGG_PATHWAY","Proteoglycans in cancer","5","9","204","9375","55.56","1.42e-5","9.03e-5","25.53","2.62e-3","4.81e-5","5.45e-7","CASP3,AKT1,TNF,TP53,MAPK3","hsa05205:Proteoglycans in cancer"
"1","3.74","KEGG_PATHWAY","Alcoholic liver disease","4","9","144","9375","44.44","1.88e-4","8.23e-4","28.94","3.40e-2","4.38e-4","6.34e-6","IL6,CASP3,AKT1,TNF","hsa04936:Alcoholic liver disease"
"1","3.74","GOTERM_BP_DIRECT","positive regulation of apoptotic process","4","9","330","19172","44.44","2.65e-4","1.39e-2","25.82","1.54e-1","1.30e-2","1.01e-5","IL6,CASP3,TNF,TP53","GO:0043065~positive regulation of apoptotic process"
"1","3.74","GOTERM_BP_DIRECT","positive regulation of neuron apoptotic process","3","9","67","19172","33.33","3.32e-4","1.61e-2","95.38","1.89e-1","1.50e-2","3.38e-6","CASP3,TNF,TP53","GO:0043525~positive regulation of neuron apoptotic process"
"1","3.74","GOTERM_BP_DIRECT","neuron apoptotic process","3","9","93","19172","33.33","6.40e-4","2.87e-2","68.72","3.32e-1","2.69e-2","9.09e-6","CASP3,TNF,TP53","GO:0051402~neuron apoptotic process"
"1","3.74","GOTERM_MF_DIRECT","protease binding","3","9","113","19319","33.33","9.28e-4","2.72e-2","56.99","7.84e-2","2.72e-2","1.60e-5","CASP3,TNF,TP53","GO:0002020~protease binding"
"1","3.74","KEGG_PATHWAY","Amyotrophic lateral sclerosis","3","9","368","9375","33.33","3.68e-2","7.20e-2","8.49","9.99e-1","3.83e-2","4.22e-3","CASP3,TNF,TP53","hsa05014:Amyotrophic lateral sclerosis"
"2","3.54","KEGG_PATHWAY","TNF signaling pathway","7","9","119","9375","77.78","1.01e-10","1.86e-8","61.27","1.86e-8","9.91e-9","1.57e-12","IL6,JUN,CASP3,AKT1,PTGS2,TNF,MAPK3","hsa04668:TNF signaling pathway"
"2","3.54","KEGG_PATHWAY","Hepatitis B","7","9","163","9375","77.78","6.86e-10","6.31e-8","44.73","1.26e-7","3.36e-8","1.48e-11","IL6,JUN,CASP3,AKT1,TNF,TP53,MAPK3","hsa05161:Hepatitis B"
"2","3.54","KEGG_PATHWAY","Kaposi sarcoma-associated herpesvirus infection","7","9","196","9375","77.78","2.09e-9","1.28e-7","37.20","3.85e-7","6.84e-8","5.45e-11","IL6,JUN,CASP3,AKT1,PTGS2,TP53,MAPK3","hsa05167:Kaposi sarcoma-associated herpesvirus infection"
"2","3.54","KEGG_PATHWAY","Lipid and atherosclerosis","7","9","216","9375","77.78","3.76e-9","1.56e-7","33.76","6.92e-7","8.29e-8","1.08e-10","IL6,JUN,CASP3,AKT1,TNF,TP53,MAPK3","hsa05417:Lipid and atherosclerosis"
"2","3.54","KEGG_PATHWAY","IL-17 signaling pathway","6","9","94","9375","66.67","4.98e-9","1.56e-7","66.49","9.16e-7","8.29e-8","7.09e-11","IL6,JUN,CASP3,PTGS2,TNF,MAPK3","hsa04657:IL-17 signaling pathway"
"2","3.54","KEGG_PATHWAY","Human cytomegalovirus infection","7","9","227","9375","77.78","5.08e-9","1.56e-7","32.12","9.34e-7","8.29e-8","1.54e-10","IL6,CASP3,AKT1,PTGS2,TNF,TP53,MAPK3","hsa05163:Human cytomegalovirus infection"
"2","3.54","KEGG_PATHWAY","AGE-RAGE signaling pathway in diabetic complications","6","9","101","9375","66.67","7.17e-9","1.88e-7","61.88","1.32e-6","1.00e-7","1.10e-10","IL6,JUN,CASP3,AKT1,TNF,MAPK3","hsa04933:AGE-RAGE signaling pathway in diabetic complications"
"2","3.54","KEGG_PATHWAY","C-type lectin receptor signaling pathway","6","9","105","9375","66.67","8.73e-9","2.01e-7","59.52","1.61e-6","1.07e-7","1.40e-10","IL6,JUN,AKT1,PTGS2,TNF,MAPK3","hsa04625:C-type lectin receptor signaling pathway"
"2","3.54","KEGG_PATHWAY","Apoptosis","6","9","137","9375","66.67","3.35e-8","6.85e-7","45.62","6.16e-6","3.65e-7","7.07e-10","JUN,CASP3,AKT1,TNF,TP53,MAPK3","hsa04210:Apoptosis"
"2","3.54","KEGG_PATHWAY","Epstein-Barr virus infection","6","9","205","9375","66.67","2.53e-7","4.65e-6","30.49","4.65e-5","2.48e-6","8.08e-9","IL6,JUN,CASP3,AKT1,TNF,TP53","hsa05169:Epstein-Barr virus infection"
"2","3.54","KEGG_PATHWAY","Pertussis","5","9","78","9375","55.56","3.03e-7","5.06e-6","66.77","5.57e-5","2.70e-6","4.30e-9","IL6,JUN,CASP3,TNF,MAPK3","hsa05133:Pertussis"
"2","3.54","KEGG_PATHWAY","Human T-cell leukemia virus 1 infection","6","9","224","9375","66.67","3.93e-7","6.03e-6","27.90","7.24e-5","3.21e-6","1.38e-8","IL6,JUN,AKT1,TNF,TP53,MAPK3","hsa05166:Human T-cell leukemia virus 1 infection"
"2","3.54","KEGG_PATHWAY","Colorectal cancer","5","9","87","9375","55.56","4.71e-7","6.66e-6","59.87","8.66e-5","3.55e-6","7.50e-9","JUN,CASP3,AKT1,TP53,MAPK3","hsa05210:Colorectal cancer"
"2","3.54","KEGG_PATHWAY","Salmonella infection","6","9","248","9375","66.67","6.53e-7","8.58e-6","25.20","1.20e-4","4.57e-6","2.54e-8","IL6,JUN,CASP3,AKT1,TNF,MAPK3","hsa05132:Salmonella infection"
"2","3.54","KEGG_PATHWAY","Pathways in cancer","7","9","533","9375","77.78","8.34e-7","1.02e-5","13.68","1.53e-4","5.45e-6","6.02e-8","IL6,JUN,CASP3,AKT1,PTGS2,TP53,MAPK3","hsa05200:Pathways in cancer"
"2","3.54","KEGG_PATHWAY","Chagas disease","5","9","103","9375","55.56","9.30e-7","1.07e-5","50.57","1.71e-4","5.70e-6","1.77e-8","IL6,JUN,AKT1,TNF,MAPK3","hsa05142:Chagas disease"
"2","3.54","KEGG_PATHWAY","Toll-like receptor signaling pathway","5","9","109","9375","55.56","1.17e-6","1.26e-5","47.78","2.15e-4","6.73e-6","2.35e-8","IL6,JUN,AKT1,TNF,MAPK3","hsa04620:Toll-like receptor signaling pathway"
"2","3.54","KEGG_PATHWAY","MAPK signaling pathway","6","9","300","9375","66.67","1.68e-6","1.72e-5","20.83","3.09e-4","9.15e-6","7.92e-8","JUN,CASP3,AKT1,TNF,TP53,MAPK3","hsa04010:MAPK signaling pathway"
"2","3.54","GOTERM_BP_DIRECT","positive regulation of miRNA transcription","4","9","62","19172","44.44","1.78e-6","6.55e-4","137.43","1.12e-3","6.13e-4","1.23e-8","IL6,JUN,TNF,TP53","GO:1902895~positive regulation of miRNA transcription"
"2","3.54","KEGG_PATHWAY","Human papillomavirus infection","6","9","333","9375","66.67","2.81e-6","2.61e-5","18.77","5.18e-4","1.39e-5","1.47e-7","CASP3,AKT1,PTGS2,TNF,TP53,MAPK3","hsa05165:Human papillomavirus infection"
"2","3.54","KEGG_PATHWAY","Measles","5","9","136","9375","55.56","2.84e-6","2.61e-5","38.30","5.22e-4","1.39e-5","7.18e-8","IL6,JUN,CASP3,AKT1,TP53","hsa05162:Measles"
"2","3.54","KEGG_PATHWAY","Yersinia infection","5","9","138","9375","55.56","3.01e-6","2.63e-5","37.74","5.53e-4","1.40e-5","7.72e-8","IL6,JUN,AKT1,TNF,MAPK3","hsa05135:Yersinia infection"
"2","3.54","KEGG_PATHWAY","Hepatitis C","5","9","156","9375","55.56","4.90e-6","4.02e-5","33.39","9.02e-4","2.14e-5","1.43e-7","CASP3,AKT1,TNF,TP53,MAPK3","hsa05160:Hepatitis C"
"2","3.54","KEGG_PATHWAY","Non-alcoholic fatty liver disease","5","9","157","9375","55.56","5.03e-6","4.02e-5","33.17","9.25e-4","2.14e-5","1.48e-7","IL6,JUN,CASP3,AKT1,TNF","hsa04932:Non-alcoholic fatty liver disease"
"2","3.54","KEGG_PATHWAY","Alzheimer disease","6","9","388","9375","66.67","5.98e-6","4.58e-5","16.11","1.10e-3","2.44e-5","3.66e-7","IL6,CASP3,AKT1,PTGS2,TNF,MAPK3","hsa05010:Alzheimer disease"
"2","3.54","KEGG_PATHWAY","Influenza A","5","9","173","9375","55.56","7.40e-6","5.45e-5","30.11","1.36e-3","2.90e-5","2.40e-7","IL6,CASP3,AKT1,TNF,MAPK3","hsa05164:Influenza A"
"2","3.54","KEGG_PATHWAY","Herpes simplex virus 1 infection","5","9","180","9375","55.56","8.66e-6","6.04e-5","28.94","1.59e-3","3.21e-5","2.92e-7","IL6,CASP3,AKT1,TNF,TP53","hsa05168:Herpes simplex virus 1 infection"
"2","3.54","KEGG_PATHWAY","Tuberculosis","5","9","181","9375","55.56","8.86e-6","6.04e-5","28.78","1.63e-3","3.21e-5","3.00e-7","IL6,CASP3,AKT1,TNF,MAPK3","hsa05152:Tuberculosis"
"2","3.54","KEGG_PATHWAY","Pathogenic Escherichia coli infection","5","9","200","9375","55.56","1.32e-5","8.65e-5","26.04","2.42e-3","4.61e-5","4.94e-7","IL6,JUN,CASP3,TNF,MAPK3","hsa05130:Pathogenic Escherichia coli infection"
"2","3.54","KEGG_PATHWAY","Proteoglycans in cancer","5","9","204","9375","55.56","1.42e-5","9.03e-5","25.53","2.62e-3","4.81e-5","5.45e-7","CASP3,AKT1,TNF,TP53,MAPK3","hsa05205:Proteoglycans in cancer"
"2","3.54","KEGG_PATHWAY","Human immunodeficiency virus 1 infection","5","9","214","9375","55.56","1.72e-5","1.05e-4","24.34","3.16e-3","5.62e-5","6.92e-7","JUN,CASP3,AKT1,TNF,MAPK3","hsa05170:Human immunodeficiency virus 1 infection"
"2","3.54","GOTERM_MF_DIRECT","identical protein binding","7","9","1852","19319","77.78","1.82e-5","1.60e-3","8.11","1.60e-3","1.60e-3","2.23e-6","COL18A1,IL6,JUN,AKT1,TNF,TP53,MAPK3","GO:0042802~identical protein binding"
"2","3.54","GOTERM_BP_DIRECT","positive regulation of neuroinflammatory response","3","9","16","19172","33.33","1.82e-5","2.87e-3","399.42","1.14e-2","2.68e-3","3.99e-8","IL6,TNF,MAPK3","GO:0150078~positive regulation of neuroinflammatory response"
"2","3.54","KEGG_PATHWAY","Platinum drug resistance","4","9","75","9375","44.44","2.68e-5","1.59e-4","55.56","4.91e-3","8.46e-5","4.62e-7","CASP3,AKT1,TP53,MAPK3","hsa01524:Platinum drug resistance"
"2","3.54","KEGG_PATHWAY","Leishmaniasis","4","9","78","9375","44.44","3.01e-5","1.73e-4","53.42","5.53e-3","9.22e-5","5.41e-7","JUN,PTGS2,TNF,MAPK3","hsa05140:Leishmaniasis"
"2","3.54","KEGG_PATHWAY","Shigellosis","5","9","253","9375","55.56","3.33e-5","1.86e-4","20.59","6.11e-3","9.89e-5","1.59e-6","JUN,AKT1,TNF,TP53,MAPK3","hsa05131:Shigellosis"
"2","3.54","GOTERM_BP_DIRECT","negative regulation of apoptotic process","5","9","543","19172","55.56","4.07e-5","4.93e-3","19.62","2.53e-2","4.61e-3","2.05e-6","IL6,AKT1,PTGS2,TNF,TP53","GO:0043066~negative regulation of apoptotic process"
"2","3.54","KEGG_PATHWAY","Small cell lung cancer","4","9","93","9375","44.44","5.11e-5","2.76e-4","44.80","9.35e-3","1.47e-4","1.10e-6","CASP3,AKT1,PTGS2,TP53","hsa05222:Small cell lung cancer"
"2","3.54","GOTERM_BP_DIRECT","positive regulation of transcription by RNA polymerase II","6","9","1255","19172","66.67","5.65e-5","5.08e-3","10.18","3.50e-2","4.75e-3","5.50e-6","IL6,JUN,AKT1,TNF,TP53,MAPK3","GO:0045944~positive regulation of transcription by RNA polymerase II"
"2","3.54","KEGG_PATHWAY","Endocrine resistance","4","9","99","9375","44.44","6.16e-5","3.24e-4","42.09","1.13e-2","1.72e-4","1.42e-6","JUN,AKT1,TP53,MAPK3","hsa01522:Endocrine resistance"
"2","3.54","KEGG_PATHWAY","Toxoplasmosis","4","9","112","9375","44.44","8.90e-5","4.55e-4","37.20","1.62e-2","2.42e-4","2.32e-6","CASP3,AKT1,TNF,MAPK3","hsa05145:Toxoplasmosis"
"2","3.54","KEGG_PATHWAY","Neurotrophin signaling pathway","4","9","120","9375","44.44","1.09e-4","5.44e-4","34.72","1.99e-2","2.89e-4","3.06e-6","JUN,AKT1,TP53,MAPK3","hsa04722:Neurotrophin signaling pathway"
"2","3.54","KEGG_PATHWAY","T cell receptor signaling pathway","4","9","122","9375","44.44","1.15e-4","5.56e-4","34.15","2.09e-2","2.96e-4","3.27e-6","JUN,AKT1,TNF,MAPK3","hsa04660:T cell receptor signaling pathway"
"2","3.54","KEGG_PATHWAY","Sphingolipid signaling pathway","4","9","125","9375","44.44","1.23e-4","5.82e-4","33.33","2.25e-2","3.10e-4","3.60e-6","AKT1,TNF,TP53,MAPK3","hsa04071:Sphingolipid signaling pathway"
"2","3.54","GOTERM_BP_DIRECT","lipopolysaccharide-mediated signaling pathway","3","9","43","19172","33.33","1.36e-4","9.53e-3","148.62","8.24e-2","8.91e-3","8.75e-7","AKT1,TNF,MAPK3","GO:0031663~lipopolysaccharide-mediated signaling pathway"
"2","3.54","GOTERM_BP_DIRECT","positive regulation of nitric oxide biosynthetic process","3","9","43","19172","33.33","1.36e-4","9.53e-3","148.62","8.24e-2","8.91e-3","8.75e-7","AKT1,PTGS2,TNF","GO:0045429~positive regulation of nitric oxide biosynthetic process"
"2","3.54","KEGG_PATHWAY","Osteoclast differentiation","4","9","142","9375","44.44","1.80e-4","8.09e-4","29.34","3.26e-2","4.31e-4","5.99e-6","JUN,AKT1,TNF,MAPK3","hsa04380:Osteoclast differentiation"
"2","3.54","KEGG_PATHWAY","Fluid shear stress and atherosclerosis","4","9","142","9375","44.44","1.80e-4","8.09e-4","29.34","3.26e-2","4.31e-4","5.99e-6","JUN,AKT1,TNF,TP53","hsa05418:Fluid shear stress and atherosclerosis"
"2","3.54","KEGG_PATHWAY","Alcoholic liver disease","4","9","144","9375","44.44","1.88e-4","8.23e-4","28.94","3.40e-2","4.38e-4","6.34e-6","IL6,CASP3,AKT1,TNF","hsa04936:Alcoholic liver disease"
"2","3.54","GOTERM_BP_DIRECT","positive regulation of smooth muscle cell proliferation","3","9","51","19172","33.33","1.92e-4","1.21e-2","125.31","1.14e-1","1.13e-2","1.47e-6","IL6,AKT1,TNF","GO:0048661~positive regulation of smooth muscle cell proliferation"
"2","3.54","KEGG_PATHWAY","Breast cancer","4","9","148","9375","44.44","2.04e-4","8.72e-4","28.15","3.68e-2","4.64e-4","7.07e-6","JUN,AKT1,TP53,MAPK3","hsa05224:Breast cancer"
"2","3.54","GOTERM_BP_DIRECT","response to glucocorticoid","3","9","56","19172","33.33","2.32e-4","1.33e-2","114.12","1.36e-1","1.24e-2","1.96e-6","IL6,CASP3,TNF","GO:0051384~response to glucocorticoid"
"2","3.54","KEGG_PATHWAY","Cellular senescence","4","9","157","9375","44.44","2.43e-4","1.01e-3","26.54","4.37e-2","5.40e-4","8.94e-6","IL6,AKT1,TP53,MAPK3","hsa04218:Cellular senescence"
"2","3.54","KEGG_PATHWAY","Pathways of neurodegeneration - multiple diseases","5","9","480","9375","55.56","4.03e-4","1.62e-3","10.85","7.15e-2","8.65e-4","3.66e-5","IL6,CASP3,PTGS2,TNF,MAPK3","hsa05022:Pathways of neurodegeneration - multiple diseases"
"2","3.54","KEGG_PATHWAY","NOD-like receptor signaling pathway","4","9","187","9375","44.44","4.06e-4","1.62e-3","22.28","7.20e-2","8.65e-4","1.79e-5","IL6,JUN,TNF,MAPK3","hsa04621:NOD-like receptor signaling pathway"
"2","3.54","GOTERM_MF_DIRECT","enzyme binding","4","9","416","19319","44.44","5.12e-4","2.25e-2","20.64","4.41e-2","2.25e-2","2.45e-5","JUN,AKT1,PTGS2,TP53","GO:0019899~enzyme binding"
"2","3.54","KEGG_PATHWAY","Viral carcinogenesis","4","9","205","9375","44.44","5.32e-4","2.08e-3","20.33","9.33e-2","1.11e-3","2.57e-5","JUN,CASP3,TP53,MAPK3","hsa05203:Viral carcinogenesis"
"2","3.54","KEGG_PATHWAY","Coronavirus disease - COVID-19","4","9","238","9375","44.44","8.23e-4","3.16e-3","17.51","1.41e-1","1.68e-3","4.62e-5","IL6,JUN,TNF,MAPK3","hsa05171:Coronavirus disease - COVID-19"
"2","3.54","GOTERM_BP_DIRECT","positive regulation of gene expression","4","9","499","19172","44.44","8.90e-4","3.73e-2","17.08","4.29e-1","3.49e-2","5.15e-5","IL6,AKT1,TNF,TP53","GO:0010628~positive regulation of gene expression"
"2","3.54","KEGG_PATHWAY","Legionellosis","3","9","56","9375","33.33","9.59e-4","3.60e-3","55.80","1.62e-1","1.92e-3","1.65e-5","IL6,CASP3,TNF","hsa05134:Legionellosis"
"2","3.54","KEGG_PATHWAY","Endometrial cancer","3","9","59","9375","33.33","1.06e-3","3.92e-3","52.97","1.78e-1","2.09e-3","1.94e-5","AKT1,TP53,MAPK3","hsa05213:Endometrial cancer"
"2","3.54","KEGG_PATHWAY","VEGF signaling pathway","3","9","60","9375","33.33","1.10e-3","3.97e-3","52.08","1.83e-1","2.11e-3","2.04e-5","AKT1,PTGS2,MAPK3","hsa04370:VEGF signaling pathway"
"2","3.54","KEGG_PATHWAY","Prion disease","4","9","275","9375","44.44","1.25e-3","4.43e-3","15.15","2.06e-1","2.36e-3","8.13e-5","IL6,CASP3,TNF,MAPK3","hsa05020:Prion disease"
"2","3.54","KEGG_PATHWAY","Inflammatory bowel disease","3","9","66","9375","33.33","1.33e-3","4.62e-3","47.35","2.17e-1","2.46e-3","2.72e-5","IL6,JUN,TNF","hsa05321:Inflammatory bowel disease"
"2","3.54","KEGG_PATHWAY","Fc epsilon RI signaling pathway","3","9","69","9375","33.33","1.45e-3","4.95e-3","45.29","2.35e-1","2.64e-3","3.11e-5","AKT1,TNF,MAPK3","hsa04664:Fc epsilon RI signaling pathway"
"2","3.54","KEGG_PATHWAY","Renal cell carcinoma","3","9","70","9375","33.33","1.49e-3","5.00e-3","44.64","2.41e-1","2.66e-3","3.24e-5","JUN,AKT1,MAPK3","hsa05211:Renal cell carcinoma"
"2","3.54","KEGG_PATHWAY","Central carbon metabolism in cancer","3","9","71","9375","33.33","1.54e-3","5.05e-3","44.01","2.47e-1","2.69e-3","3.38e-5","AKT1,TP53,MAPK3","hsa05230:Central carbon metabolism in cancer"
"2","3.54","KEGG_PATHWAY","Melanoma","3","9","73","9375","33.33","1.62e-3","5.15e-3","42.81","2.59e-1","2.74e-3","3.68e-5","AKT1,TP53,MAPK3","hsa05218:Melanoma"
"2","3.54","KEGG_PATHWAY","Non-small cell lung cancer","3","9","73","9375","33.33","1.62e-3","5.15e-3","42.81","2.59e-1","2.74e-3","3.68e-5","AKT1,TP53,MAPK3","hsa05223:Non-small cell lung cancer"
"2","3.54","KEGG_PATHWAY","Glioma","3","9","76","9375","33.33","1.76e-3","5.45e-3","41.12","2.77e-1","2.90e-3","4.15e-5","AKT1,TP53,MAPK3","hsa05214:Glioma"
"2","3.54","KEGG_PATHWAY","Pancreatic cancer","3","9","77","9375","33.33","1.81e-3","5.45e-3","40.58","2.83e-1","2.90e-3","4.32e-5","AKT1,TP53,MAPK3","hsa05212:Pancreatic cancer"
"2","3.54","KEGG_PATHWAY","Chronic myeloid leukemia","3","9","77","9375","33.33","1.81e-3","5.45e-3","40.58","2.83e-1","2.90e-3","4.32e-5","AKT1,TP53,MAPK3","hsa05220:Chronic myeloid leukemia"
"2","3.54","KEGG_PATHWAY","EGFR tyrosine kinase inhibitor resistance","3","9","80","9375","33.33","1.95e-3","5.78e-3","39.06","3.01e-1","3.08e-3","4.84e-5","IL6,AKT1,MAPK3","hsa01521:EGFR tyrosine kinase inhibitor resistance"
"2","3.54","KEGG_PATHWAY","MicroRNAs in cancer","4","9","323","9375","44.44","1.99e-3","5.83e-3","12.90","3.07e-1","3.10e-3","1.52e-4","CASP3,PTGS2,TP53,MAPK3","hsa05206:MicroRNAs in cancer"
"2","3.54","KEGG_PATHWAY","ErbB signaling pathway","3","9","86","9375","33.33","2.25e-3","6.46e-3","36.34","3.39e-1","3.44e-3","6.02e-5","JUN,AKT1,MAPK3","hsa04012:ErbB signaling pathway"
"2","3.54","GOTERM_BP_DIRECT","response to oxidative stress","3","9","176","19172","33.33","2.26e-3","7.49e-2","36.31","7.60e-1","7.00e-2","6.13e-5","AKT1,PTGS2,TP53","GO:0006979~response to oxidative stress"
"2","3.54","GOTERM_BP_DIRECT","apoptotic process","4","9","699","19172","44.44","2.36e-3","7.49e-2","12.19","7.74e-1","7.00e-2","1.91e-4","JUN,CASP3,TP53,MAPK3","GO:0006915~apoptotic process"
"2","3.54","KEGG_PATHWAY","PD-L1 expression and PD-1 checkpoint pathway in cancer","3","9","90","9375","33.33","2.46e-3","6.96e-3","34.72","3.64e-1","3.71e-3","6.89e-5","JUN,AKT1,MAPK3","hsa05235:PD-L1 expression and PD-1 checkpoint pathway in cancer"
"2","3.54","KEGG_PATHWAY","B cell receptor signaling pathway","3","9","91","9375","33.33","2.51e-3","7.00e-3","34.34","3.70e-1","3.73e-3","7.12e-5","JUN,AKT1,MAPK3","hsa04662:B cell receptor signaling pathway"
"2","3.54","KEGG_PATHWAY","Rheumatoid arthritis","3","9","95","9375","33.33","2.73e-3","7.48e-3","32.89","3.96e-1","3.99e-3","8.10e-5","IL6,JUN,TNF","hsa05323:Rheumatoid arthritis"
"2","3.54","KEGG_PATHWAY","PI3K-Akt signaling pathway","4","9","362","9375","44.44","2.77e-3","7.48e-3","11.51","3.99e-1","3.99e-3","2.36e-4","IL6,AKT1,TP53,MAPK3","hsa04151:PI3K-Akt signaling pathway"
"2","3.54","KEGG_PATHWAY","Choline metabolism in cancer","3","9","99","9375","33.33","2.97e-3","7.91e-3","31.57","4.21e-1","4.21e-3","9.16e-5","JUN,AKT1,MAPK3","hsa05231:Choline metabolism in cancer"
"2","3.54","GOTERM_BP_DIRECT","positive regulation of DNA-templated transcription","4","9","768","19172","44.44","3.08e-3","8.39e-2","11.09","8.57e-1","7.84e-2","2.74e-4","IL6,JUN,TNF,TP53","GO:0045893~positive regulation of DNA-templated transcription"
"2","3.54","GOTERM_BP_DIRECT","positive regulation of ERK1 and ERK2 cascade","3","9","210","19172","33.33","3.20e-3","8.39e-2","30.43","8.67e-1","7.84e-2","1.04e-4","JUN,TNF,MAPK3","GO:0070374~positive regulation of ERK1 and ERK2 cascade"
"2","3.54","KEGG_PATHWAY","Amoebiasis","3","9","103","9375","33.33","3.21e-3","8.43e-3","30.34","4.46e-1","4.49e-3","1.03e-4","IL6,CASP3,TNF","hsa05146:Amoebiasis"
"2","3.54","KEGG_PATHWAY","Prostate cancer","3","9","106","9375","33.33","3.39e-3","8.79e-3","29.48","4.65e-1","4.68e-3","1.12e-4","AKT1,TP53,MAPK3","hsa05215:Prostate cancer"
"2","3.54","KEGG_PATHWAY","Th17 cell differentiation","3","9","109","9375","33.33","3.58e-3","9.03e-3","28.67","4.83e-1","4.81e-3","1.22e-4","IL6,JUN,MAPK3","hsa04659:Th17 cell differentiation"
"2","3.54","KEGG_PATHWAY","Insulin resistance","3","9","109","9375","33.33","3.58e-3","9.03e-3","28.67","4.83e-1","4.81e-3","1.22e-4","IL6,AKT1,TNF","hsa04931:Insulin resistance"
"2","3.54","KEGG_PATHWAY","HIF-1 signaling pathway","3","9","110","9375","33.33","3.65e-3","9.07e-3","28.41","4.90e-1","4.83e-3","1.25e-4","IL6,AKT1,MAPK3","hsa04066:HIF-1 signaling pathway"
"2","3.54","UP_KW_BIOLOGICAL_PROCESS","Apoptosis","4","8","587","11630","44.44","3.84e-3","8.84e-2","9.91","8.48e-2","8.84e-2","3.82e-4","CASP3,AKT1,TP53,MAPK3","KW-0053~Apoptosis"
"2","3.54","KEGG_PATHWAY","Serotonergic synapse","3","9","115","9375","33.33","3.98e-3","9.76e-3","27.17","5.20e-1","5.20e-3","1.43e-4","CASP3,PTGS2,MAPK3","hsa04726:Serotonergic synapse"
"2","3.54","KEGG_PATHWAY","Natural killer cell mediated cytotoxicity","3","9","116","9375","33.33","4.05e-3","9.80e-3","26.94","5.26e-1","5.22e-3","1.47e-4","CASP3,TNF,MAPK3","hsa04650:Natural killer cell mediated cytotoxicity"
"2","3.54","KEGG_PATHWAY","Thyroid hormone signaling pathway","3","9","122","9375","33.33","4.47e-3","1.07e-2","25.61","5.61e-1","5.69e-3","1.71e-4","AKT1,TP53,MAPK3","hsa04919:Thyroid hormone signaling pathway"
"2","3.54","KEGG_PATHWAY","Relaxin signaling pathway","3","9","130","9375","33.33","5.06e-3","1.19e-2","24.04","6.07e-1","6.36e-3","2.06e-4","JUN,AKT1,MAPK3","hsa04926:Relaxin signaling pathway"
"2","3.54","KEGG_PATHWAY","FoxO signaling pathway","3","9","133","9375","33.33","5.29e-3","1.23e-2","23.50","6.23e-1","6.56e-3","2.20e-4","IL6,AKT1,MAPK3","hsa04068:FoxO signaling pathway"
"2","3.54","KEGG_PATHWAY","Estrogen signaling pathway","3","9","139","9375","33.33","5.76e-3","1.33e-2","22.48","6.55e-1","7.06e-3","2.51e-4","JUN,AKT1,MAPK3","hsa04915:Estrogen signaling pathway"
"2","3.54","KEGG_PATHWAY","Gastric cancer","3","9","150","9375","33.33","6.68e-3","1.52e-2","20.83","7.09e-1","8.09e-3","3.14e-4","AKT1,TP53,MAPK3","hsa05226:Gastric cancer"
"2","3.54","KEGG_PATHWAY","Efferocytosis","3","9","157","9375","33.33","7.30e-3","1.62e-2","19.90","7.40e-1","8.62e-3","3.59e-4","CASP3,PTGS2,MAPK3","hsa04148:Efferocytosis"
"2","3.54","KEGG_PATHWAY","mTOR signaling pathway","3","9","158","9375","33.33","7.39e-3","1.62e-2","19.78","7.45e-1","8.63e-3","3.66e-4","AKT1,TNF,MAPK3","hsa04150:mTOR signaling pathway"
"2","3.54","KEGG_PATHWAY","Hepatocellular carcinoma","3","9","170","9375","33.33","8.52e-3","1.84e-2","18.38","7.93e-1","9.82e-3","4.54e-4","AKT1,TP53,MAPK3","hsa05225:Hepatocellular carcinoma"
"2","3.54","GOTERM_BP_DIRECT","DNA damage response","3","9","351","19172","33.33","8.70e-3","1.62e-1","18.21","9.96e-1","1.51e-1","4.71e-4","CASP3,TP53,MAPK3","GO:0006974~DNA damage response"
"2","3.54","KEGG_PATHWAY","Focal adhesion","3","9","203","9375","33.33","1.20e-2","2.56e-2","15.39","8.91e-1","1.37e-2","7.63e-4","JUN,AKT1,MAPK3","hsa04510:Focal adhesion"
"2","3.54","KEGG_PATHWAY","Chemical carcinogenesis - receptor activation","3","9","217","9375","33.33","1.36e-2","2.88e-2","14.40","9.20e-1","1.53e-2","9.27e-4","JUN,AKT1,MAPK3","hsa05207:Chemical carcinogenesis - receptor activation"
"2","3.54","KEGG_PATHWAY","cAMP signaling pathway","3","9","226","9375","33.33","1.47e-2","3.07e-2","13.83","9.35e-1","1.63e-2","1.04e-3","JUN,AKT1,MAPK3","hsa04024:cAMP signaling pathway"
"2","3.54","KEGG_PATHWAY","Chemical carcinogenesis - reactive oxygen species","3","9","227","9375","33.33","1.48e-2","3.07e-2","13.77","9.36e-1","1.63e-2","1.06e-3","JUN,AKT1,MAPK3","hsa05208:Chemical carcinogenesis - reactive oxygen species"
"2","3.54","GOTERM_BP_DIRECT","inflammatory response","3","9","466","19172","33.33","1.50e-2","2.05e-1","13.71","1.00e+0","1.91e-1","1.07e-3","IL6,AKT1,TNF","GO:0006954~inflammatory response"
"2","3.54","GOTERM_BP_DIRECT","intracellular signal transduction","3","9","512","19172","33.33","1.79e-2","2.25e-1","12.48","1.00e+0","2.11e-1","1.41e-3","CASP3,AKT1,MAPK3","GO:0035556~intracellular signal transduction"
"2","3.54","GOTERM_CC_DIRECT","glutamatergic synapse","3","9","617","20299","33.33","2.29e-2","5.91e-1","10.97","8.02e-1","5.91e-1","2.05e-3","CASP3,AKT1,MAPK3","GO:0098978~glutamatergic synapse"
"2","3.54","UP_KW_PTM","Acetylation","6","9","3536","14457","66.67","2.48e-2","2.27e-1","2.73","2.61e-1","1.75e-1","8.90e-3","JUN,CASP3,AKT1,PTGS2,TP53,MAPK3","KW-0007~Acetylation"
"2","3.54","GOTERM_CC_DIRECT","protein-containing complex","3","9","815","20299","33.33","3.84e-2","6.72e-1","8.30","9.35e-1","6.72e-1","4.52e-3","AKT1,TNF,TP53","GO:0032991~protein-containing complex"
"2","3.54","UP_SEQ_FEATURE","ACT_SITE:Proton acceptor","3","9","908","20700","33.33","4.51e-2","1.00e+0","7.60","1.00e+0","1.00e+0","5.79e-3","AKT1,PTGS2,MAPK3","ACT_SITE:Proton acceptor"
"2","3.54","UP_KW_PTM","Ubl conjugation","5","9","2830","14457","55.56","5.24e-2","2.27e-1","2.84","4.76e-1","1.75e-1","1.79e-2","JUN,CASP3,AKT1,TP53,MAPK3","KW-0832~Ubl conjugation"
"2","3.54","GOTERM_CC_DIRECT","nucleoplasm","5","9","4364","20299","55.56","7.10e-2","9.94e-1","2.58","9.94e-1","9.94e-1","2.65e-2","JUN,CASP3,AKT1,TP53,MAPK3","GO:0005654~nucleoplasm"
"2","3.54","UP_KW_PTM","Glycoprotein","6","9","4885","14457","66.67","9.26e-2","2.42e-1","1.97","6.89e-1","1.86e-1","4.52e-2","COL18A1,IL6,AKT1,PTGS2,TNF,TP53","KW-0325~Glycoprotein"
"2","3.54","GOTERM_CC_DIRECT","mitochondrion","3","9","1739","20299","33.33","1.45e-1","1.00e+0","3.89","1.00e+0","1.00e+0","3.56e-2","AKT1,TP53,MAPK3","GO:0005739~mitochondrion"
"2","3.54","UP_KW_PTM","Disulfide bond","5","9","4085","14457","55.56","1.64e-1","3.54e-1","1.97","8.83e-1","2.73e-1","7.88e-2","COL18A1,IL6,AKT1,PTGS2,TNF","KW-1015~Disulfide bond"
"2","3.54","GOTERM_CC_DIRECT","cytosol","5","9","5849","20299","55.56","1.73e-1","1.00e+0","1.93","1.00e+0","1.00e+0","8.49e-2","CASP3,AKT1,PTGS2,TP53,MAPK3","GO:0005829~cytosol"
"2","3.54","UP_KW_CELLULAR_COMPONENT","Nucleus","5","9","5987","18225","55.56","2.49e-1","1.00e+0","1.69","9.68e-1","1.00e+0","1.37e-1","JUN,AKT1,PTGS2,TP53,MAPK3","KW-0539~Nucleus"
"2","3.54","GOTERM_CC_DIRECT","nucleus","5","9","6773","20299","55.56","2.59e-1","1.00e+0","1.67","1.00e+0","1.00e+0","1.45e-1","JUN,CASP3,AKT1,TP53,MAPK3","GO:0005634~nucleus"
"2","3.54","GOTERM_CC_DIRECT","cytoplasm","5","9","6894","20299","55.56","2.72e-1","1.00e+0","1.64","1.00e+0","1.00e+0","1.55e-1","CASP3,AKT1,PTGS2,TP53,MAPK3","GO:0005737~cytoplasm"
"2","3.54","UP_KW_PTM","Isopeptide bond","3","9","1946","14457","33.33","2.94e-1","5.46e-1","2.48","9.85e-1","4.20e-1","1.10e-1","JUN,AKT1,TP53","KW-1017~Isopeptide bond"
"2","3.54","GOTERM_CC_DIRECT","plasma membrane","4","9","5955","20299","44.44","4.31e-1","1.00e+0","1.51","1.00e+0","1.00e+0","2.55e-1","IL6,AKT1,TNF,MAPK3","GO:0005886~plasma membrane"
"2","3.54","UP_KW_CELLULAR_COMPONENT","Cytoplasm","4","9","6017","18225","44.44","5.24e-1","1.00e+0","1.35","1.00e+0","1.00e+0","3.42e-1","CASP3,AKT1,TP53,MAPK3","KW-0963~Cytoplasm"
"2","3.54","UP_KW_CELLULAR_COMPONENT","Membrane","5","9","8448","18225","55.56","5.55e-1","1.00e+0","1.20","1.00e+0","1.00e+0","4.11e-1","AKT1,PTGS2,TNF,TP53,MAPK3","KW-0472~Membrane"
"2","3.54","UP_SEQ_FEATURE","REGION:Disordered","6","9","13817","20700","66.67","7.43e-1","1.00e+0","1.00","1.00e+0","1.00e+0","6.52e-1","COL18A1,IL6,CASP3,AKT1,TP53,MAPK3","REGION:Disordered"
"3","3.08","GOTERM_BP_DIRECT","positive regulation of miRNA transcription","4","9","62","19172","44.44","1.78e-6","6.55e-4","137.43","1.12e-3","6.13e-4","1.23e-8","IL6,JUN,TNF,TP53","GO:1902895~positive regulation of miRNA transcription"
"3","3.08","GOTERM_BP_DIRECT","negative regulation of cell population proliferation","5","9","432","19172","55.56","1.66e-5","2.87e-3","24.66","1.04e-2","2.68e-3","6.64e-7","COL18A1,IL6,JUN,TNF,TP53","GO:0008285~negative regulation of cell population proliferation"
"3","3.08","KEGG_PATHWAY","Fluid shear stress and atherosclerosis","4","9","142","9375","44.44","1.80e-4","8.09e-4","29.34","3.26e-2","4.31e-4","5.99e-6","JUN,AKT1,TNF,TP53","hsa05418:Fluid shear stress and atherosclerosis"
"3","3.08","GOTERM_BP_DIRECT","positive regulation of DNA-templated transcription","4","9","768","19172","44.44","3.08e-3","8.39e-2","11.09","8.57e-1","7.84e-2","2.74e-4","IL6,JUN,TNF,TP53","GO:0045893~positive regulation of DNA-templated transcription"
"3","3.08","GOTERM_MF_DIRECT","transcription cis-regulatory region binding","3","9","332","19319","33.33","7.70e-3","1.36e-1","19.40","4.93e-1","1.36e-1","3.91e-4","JUN,TNF,TP53","GO:0000976~transcription cis-regulatory region binding"
"3","3.08","GOTERM_BP_DIRECT","negative regulation of DNA-templated transcription","3","9","656","19172","33.33","2.85e-2","2.76e-1","9.74","1.00e+0","2.58e-1","2.87e-3","JUN,TNF,TP53","GO:0045892~negative regulation of DNA-templated transcription"
"3","3.08","GOTERM_BP_DIRECT","negative regulation of transcription by RNA polymerase II","3","9","1082","19172","33.33","7.10e-2","5.19e-1","5.91","1.00e+0","4.86e-1","1.16e-2","JUN,TNF,TP53","GO:0000122~negative regulation of transcription by RNA polymerase II"
"4","1.98","GOTERM_BP_DIRECT","response to xenobiotic stimulus","5","9","256","19172","55.56","2.08e-6","6.55e-4","41.61","1.31e-3","6.13e-4","4.92e-8","COL18A1,JUN,CASP3,TNF,TP53","GO:0009410~response to xenobiotic stimulus"
"4","1.98","UP_SEQ_FEATURE","COMPBIAS:Polar residues","3","9","5960","20700","33.33","7.20e-1","1.00e+0","1.16","1.00e+0","1.00e+0","5.05e-1","COL18A1,CASP3,TP53","COMPBIAS:Polar residues"
"4","1.98","UP_SEQ_FEATURE","COMPBIAS:Basic and acidic residues","3","9","6665","20700","33.33","7.86e-1","1.00e+0","1.04","1.00e+0","1.00e+0","5.94e-1","COL18A1,CASP3,TP53","COMPBIAS:Basic and acidic residues"
"5","1.65","GOTERM_BP_DIRECT","negative regulation of cell population proliferation","5","9","432","19172","55.56","1.66e-5","2.87e-3","24.66","1.04e-2","2.68e-3","6.64e-7","COL18A1,IL6,JUN,TNF,TP53","GO:0008285~negative regulation of cell population proliferation"
"5","1.65","UP_KW_PTM","Disulfide bond","5","9","4085","14457","55.56","1.64e-1","3.54e-1","1.97","8.83e-1","2.73e-1","7.88e-2","COL18A1,IL6,AKT1,PTGS2,TNF","KW-1015~Disulfide bond"
"5","1.65","UP_KW_CELLULAR_COMPONENT","Secreted","3","9","2237","18225","33.33","2.57e-1","1.00e+0","2.72","9.72e-1","1.00e+0","8.79e-2","COL18A1,IL6,TNF","KW-0964~Secreted"
"5","1.65","GOTERM_CC_DIRECT","extracellular region","3","9","3186","20299","33.33","3.65e-1","1.00e+0","2.12","1.00e+0","1.00e+0","1.56e-1","COL18A1,IL6,TNF","GO:0005576~extracellular region"
"6","1.25","GOTERM_CC_DIRECT","endoplasmic reticulum lumen","4","9","340","20299","44.44","2.45e-4","1.72e-2","26.53","1.70e-2","1.72e-2","9.12e-6","COL18A1,IL6,PTGS2,MAPK3","GO:0005788~endoplasmic reticulum lumen"
"6","1.25","UP_KW_PTM","Disulfide bond","5","9","4085","14457","55.56","1.64e-1","3.54e-1","1.97","8.83e-1","2.73e-1","7.88e-2","COL18A1,IL6,AKT1,PTGS2,TNF","KW-1015~Disulfide bond"
"6","1.25","UP_KW_DOMAIN","Signal","3","6","4443","14674","33.33","4.78e-1","1.00e+0","1.65","9.94e-1","1.00e+0","2.61e-1","COL18A1,IL6,PTGS2","KW-0732~Signal"
"6","1.25","UP_SEQ_FEATURE","CARBOHYD:N-linked (GlcNAc...) asparagine","3","9","4421","20700","33.33","5.36e-1","1.00e+0","1.56","1.00e+0","1.00e+0","2.98e-1","COL18A1,IL6,PTGS2","CARBOHYD:N-linked (GlcNAc...) asparagine"

